Amount,MTTR,M_r,M_rf,PE,EPS,ROE,IPS,yyyymm,Beta,M_ExRet,M_vol,M_liq,M_high,M_skew,PEL1,EPSL1,ROEL1,IPSL1,MTTRL1,BetaL1,M_volL1,M_liqL1,M_highL1,M_skewL1
183446259.78,10.4055,0.0972,0.00165,63.28,0.25,6.2595,1.79,200103,0.9439,0.09555,0.00503973,0.005108413913323212,0.9420118343195267,0.64994672760529,57.67,0.15,4.2458,0.95,4.5339,0.9459,0.004541450000000001,-0.0048444470305484865,0.9094674556213018,-1.2145013539712797
192718982.34,10.5702,-0.0201,0.00165,77.93,0.25,6.2595,1.79,200104,0.9306,-0.02175,0.00406185,-0.0010536389429869068,0.9609467455621301,-0.4662220188758124,63.28,0.25,6.2595,1.79,10.4055,0.9439,0.00503973,0.005108413913323212,0.9420118343195267,0.64994672760529
367860849.85,18.6922,0.1776,0.00165,91.76,0.25,6.2595,1.79,200105,0.9608,0.17595,0.00538288,0.009004617011255777,1.1311576354679804,1.794369674140185,77.93,0.25,6.2595,1.79,10.5702,0.9306,0.00406185,-0.0010536389429869068,0.9609467455621301,-0.4662220188758124
254959513.94,12.5965,-0.068,0.00165,85.32,0.25,6.2595,1.79,200106,1.5167,-0.06965,0.008530779999999998,-0.003513010868378745,0.9978225367446922,-0.4766254987781624,91.76,0.25,6.2595,1.79,18.6922,0.9608,0.00538288,0.009004617011255777,1.1311576354679804,1.794369674140185
101913706.49,5.4369,-0.1452,0.00165,98.13,0.25,6.2595,1.79,200107,1.4484,-0.14685,0.01057972,-0.007874341561757339,0.9308655416439848,-2.045045252712051,85.32,0.25,6.2595,1.79,12.5965,1.5167,0.008530779999999998,-0.003513010868378745,0.9978225367446922,-0.4766254987781624
70080276.0,4.254,-0.0767,0.00165,90.6,0.02,0.638,0.67,200108,1.4698,-0.07835,0.011952760000000002,-0.004245743420385206,0.8366902558519325,-0.5801387510890712,98.13,0.25,6.2595,1.79,5.4369,1.4484,0.01057972,-0.007874341561757339,0.9308655416439848,-2.045045252712051
45543585.0,2.9529,-0.0007,0.00165,90.53,0.02,0.638,0.67,200109,1.3989,-0.00235,0.006999539999999999,-3.9695635782472485e-05,0.7594108019639935,-0.7505677509307814,90.6,0.02,0.638,0.67,4.254,1.4698,0.011952760000000002,-0.004245743420385206,0.8366902558519325,-0.5801387510890712
44491861.99,3.373,-0.1433,0.00165,-14.7,0.02,0.638,0.67,200110,1.4513,-0.14495000000000002,0.036919560000000004,-0.008137044476117827,0.7748538011695906,-0.04201267268168999,90.53,0.02,0.638,0.67,2.9529,1.3989,0.006999539999999999,-3.9695635782472485e-05,0.7594108019639935,-0.7505677509307814
54848182.54,4.15,0.0529,0.00165,-15.47,0.02,0.638,0.67,200111,1.4704,0.051250000000000004,0.01481752,0.0029685613734947505,0.7905009759271309,-0.9553120226737457,-14.7,0.02,0.638,0.67,3.373,1.4513,0.036919560000000004,-0.008137044476117827,0.7748538011695906,-0.04201267268168999
61055616.23,4.5385,-0.1309,0.00165,-13.45,0.02,0.638,0.67,200112,1.5502,-0.13255,0.007588220000000001,-0.007301714761576903,0.9087643678160919,-0.7492110618626501,-15.47,0.02,0.638,0.67,4.15,1.4704,0.01481752,0.0029685613734947505,0.7905009759271309,-0.9553120226737457
179146860.26,20.9791,-0.2727,0.00165,-4.47,0.02,0.638,0.67,200201,1.8895,-0.27435,0.07741594000000002,-0.014349824695987737,0.7169811320754716,-0.36963722555012146,-13.45,0.02,0.638,0.67,4.5385,1.5502,0.007588220000000001,-0.007301714761576903,0.9087643678160919,-0.7492110618626501
63569501.1,6.994,0.0807,0.001586,-4.83,0.02,0.638,0.67,200202,1.2067,0.07911399999999999,0.01122192,0.004491406794035184,0.6687747035573123,0.18775772851924905,-4.47,0.02,0.638,0.67,20.9791,1.8895,0.07741594000000002,-0.014349824695987737,0.7169811320754716,-0.36963722555012146
252256401.83,24.0042,0.0181,0.001425,-4.92,0.02,0.638,0.67,200203,1.4118,0.016675000000000002,0.03357945,0.0009355960203044611,0.7786561264822134,-0.022944030255412293,-4.83,0.02,0.638,0.67,6.994,1.2067,0.01122192,0.004491406794035184,0.6687747035573123,0.18775772851924905
181937924.18,17.4425,0.1408,0.001425,-5.34,-0.07,-4.8406,1.22,200204,1.4886,0.139375,0.009340580000000001,0.007403054642262028,0.9786802030456854,0.7500595385466818,-4.92,0.02,0.638,0.67,24.0042,1.4118,0.03357945,0.0009355960203044611,0.7786561264822134,-0.022944030255412293
277863474.21,24.3209,-0.0249,0.001425,-5.21,-0.07,-4.8406,1.22,200205,1.4016,-0.026324999999999998,0.01090754,-0.0012806902469175766,1.0436548223350253,-0.08918183893327446,-5.34,-0.07,-4.8406,1.22,17.4425,1.4886,0.009340580000000001,0.007403054642262028,0.9786802030456854,0.7500595385466818
242619943.21,21.1871,0.084,0.001425,-5.64,-0.07,-4.8406,1.22,200206,1.2875,0.08257500000000001,0.029615850000000003,0.0043507520899640426,1.046692607003891,0.9719001549559108,-5.21,-0.07,-4.8406,1.22,24.3209,1.4016,0.01090754,-0.0012806902469175766,1.0436548223350253,-0.08918183893327446
71382806.33,6.229,-0.051,0.001425,-3.86,-0.07,-4.8406,1.22,200207,1.2947,-0.052425,0.0031632299999999995,-0.0028202399634067762,0.9535315985130112,-0.572164313216748,-5.64,-0.07,-4.8406,1.22,21.1871,1.2875,0.029615850000000003,0.0043507520899640426,1.046692607003891,0.9719001549559108
42039578.99,3.8547,-0.0403,0.001656,-3.7,-0.76,-91.3458,0.1,200208,1.2842,-0.041956,0.002722770000000001,-0.0022957570760149515,0.9172862453531598,-1.0231824880619274,-3.86,-0.07,-4.8406,1.22,6.229,1.2947,0.0031632299999999995,-0.0028202399634067762,0.9535315985130112,-0.572164313216748
39471080.22,3.9049,-0.1024,0.001852,-3.32,-0.76,-91.3458,0.1,200209,1.3047,-0.10425200000000001,0.004568769999999999,-0.005854413045688616,0.8522304832713755,-0.7997960654791527,-3.7,-0.76,-91.3458,0.1,3.8547,1.2842,0.002722770000000001,-0.0022957570760149515,0.9172862453531598,-1.0231824880619274
52063652.47,5.9131,-0.0852,0.001892,-4.67,-0.76,-89.505,0.34,200210,1.2873,-0.087092,0.007867540000000001,-0.004795143366976576,0.7826510721247563,-0.35698301011782485,-3.32,-0.76,-91.3458,0.1,3.9049,1.3047,0.004568769999999999,-0.005854413045688616,0.8522304832713755,-0.7997960654791527
66376482.08,8.9329,-0.1667,0.001892,-3.89,-0.76,-89.505,0.34,200211,1.3154,-0.168592,0.022096889999999998,-0.00925553035222372,0.8054711246200609,-0.9893764870800903,-4.67,-0.76,-89.505,0.34,5.9131,1.2873,0.007867540000000001,-0.004795143366976576,0.7826510721247563,-0.35698301011782485
204914687.69,25.7057,0.1008,0.001892,-4.29,-0.76,-89.505,0.34,200212,1.2602,0.098908,0.03296092,0.005266979344319154,0.8124318429661941,0.6696691678371648,-3.89,-0.76,-89.505,0.34,8.9329,1.3154,0.022096889999999998,-0.00925553035222372,0.8054711246200609,-0.9893764870800903
216917946.32,25.0347,0.1216,0.001892,-10.54,-0.76,-89.505,0.34,200301,1.2622,0.119708,0.017854,0.00633497326243783,1.0062266500622665,1.500769755888208,-4.29,-0.76,-89.505,0.34,25.7057,1.2602,0.03296092,0.005266979344319154,0.8124318429661941,0.6696691678371648
60944615.85,6.8191,-0.0217,0.001892,-10.31,-0.76,-89.505,0.34,200302,1.2549,-0.023592000000000002,0.00540859,-0.0012105675694099726,1.0,-0.004132825793866042,-10.54,-0.76,-89.505,0.34,25.0347,1.2622,0.017854,0.00633497326243783,1.0062266500622665,1.500769755888208
44823921.71,5.5955,-0.1173,0.001892,-9.1,-0.76,-89.505,0.34,200303,1.2491,-0.119192,0.00617631,-0.006657868018186162,0.9455445544554455,-0.6880713419474718,-10.31,-0.76,-89.505,0.34,6.8191,1.2549,0.00540859,-0.0012105675694099726,1.0,-0.004132825793866042
183764181.95,23.0176,0.0325,0.001886,-10.74,0.02,2.191,0.27,200304,1.25,0.030614000000000002,0.01626219,0.00170790478318476,0.9220297029702971,2.0724839546257035,-9.1,-0.76,-89.505,0.34,5.5955,1.2491,0.00617631,-0.006657868018186162,0.9455445544554455,-0.6880713419474718
116248213.01,13.8497,0.0615,0.001823,-11.4,0.02,2.191,0.27,200305,1.185,0.059677,0.005399060000000001,0.0033115724022898976,0.9356435643564356,1.1267296525038588,-10.74,0.02,2.191,0.27,23.0176,1.25,0.01626219,0.00170790478318476,0.9220297029702971,2.0724839546257035
79008662.27,9.2201,-0.035,0.001891,-11.01,0.02,2.191,0.27,200306,1.1555,-0.036891,0.00329212,-0.0019246559813363743,1.0143979057591623,-1.02321595326036,-11.4,0.02,2.191,0.27,13.8497,1.185,0.005399060000000001,0.0033115724022898976,0.9356435643564356,1.1267296525038588
38914793.26,4.709,0.0,0.001945,76.5,0.02,2.191,0.27,200307,1.1818,-0.001945,0.00395424,0.0,0.9664516129032258,-0.5350625428952068,-11.01,0.02,2.191,0.27,9.2201,1.1555,0.00329212,-0.0019246559813363743,1.0143979057591623,-1.02321595326036
21009915.07,2.6316,-0.0545,0.001964,72.33,0.07,7.8726,0.72,200308,1.1775,-0.056464,0.0029563099999999998,-0.0032324061409528377,0.9316129032258064,-0.23375481484469604,76.5,0.02,2.191,0.27,4.709,1.1818,0.00395424,0.0,0.9664516129032258,-0.5350625428952068
22217340.06,2.8569,-0.0148,0.002225,71.26,0.07,7.8726,0.72,200309,1.2113,-0.017025000000000002,0.00334998,-0.0008748914855230096,0.8980645161290323,-0.46252448246903943,72.33,0.07,7.8726,0.72,2.6316,1.1775,0.0029563099999999998,-0.0032324061409528377,0.9316129032258064,-0.23375481484469604
19609332.33,2.6864,-0.0615,0.002246,32.02,0.18,17.2736,1.37,200310,1.1801,-0.063746,0.00306305,-0.0036625638477192695,0.8918558077436581,0.41723177693877456,71.26,0.07,7.8726,0.72,2.8569,1.2113,0.00334998,-0.0008748914855230096,0.8980645161290323,-0.46252448246903943
31087473.91,4.6005,-0.0463,0.002251,30.54,0.18,17.2736,1.37,200311,1.1527,-0.048551000000000004,0.0094233,-0.0026836977288793896,0.8836565096952909,-0.027095651559010597,32.02,0.18,17.2736,1.37,2.6864,1.1801,0.00306305,-0.0036625638477192695,0.8918558077436581,0.41723177693877456
82724785.9,11.0541,0.124,0.002046,34.32,0.18,17.2736,1.37,200312,1.1601,0.12195399999999999,0.00548837,0.0068015905409231905,0.9870689655172414,1.0201495059072592,30.54,0.18,17.2736,1.37,4.6005,1.1527,0.0094233,-0.0026836977288793896,0.8836565096952909,-0.027095651559010597
34867617.48,4.6249,0.0253,0.002046,32.13,0.18,17.2736,1.37,200401,0.9104,0.023254,0.0045950999999999995,0.001456780062779096,1.0014556040756915,0.6639976586211876,34.32,0.18,17.2736,1.37,11.0541,1.1601,0.00548837,0.0068015905409231905,0.9870689655172414,1.0201495059072592
166190084.71,18.7581,0.1584,0.001888,37.23,0.18,17.2736,1.37,200402,0.9722,0.156512,0.00876263,0.008368270342597423,1.204941860465116,1.0083682116834722,32.13,0.18,17.2736,1.37,4.6249,0.9104,0.0045950999999999995,0.001456780062779096,1.0014556040756915,0.6639976586211876
192881112.58,19.623,0.1192,0.001682,41.66,0.21,19.843,2.03,200403,1.0637,0.117518,0.01019203,0.006248170444464334,1.1194209891435465,0.8939124687627293,37.23,0.18,17.2736,1.37,18.7581,0.9722,0.00876263,0.008368270342597423,1.204941860465116,1.0083682116834722
125302743.64,12.1406,0.0157,0.001776,33.2,0.08,6.7584,0.75,200404,0.8649,0.013923999999999999,0.0074735999999999995,0.0008419926595275142,1.0129310344827587,0.17240263953555562,41.66,0.21,19.843,2.03,19.623,1.0637,0.01019203,0.006248170444464334,1.1194209891435465,0.8939124687627293
190123004.74,17.6656,0.1026,0.00202,36.61,0.08,6.7584,0.75,200405,0.8762,0.10058,0.014389309999999999,0.005382102578726848,1.0627659574468085,0.41981119372711784,33.2,0.08,6.7584,0.75,12.1406,0.8649,0.0074735999999999995,0.0008419926595275142,1.0129310344827587,0.17240263953555562
133410779.98,11.9815,-0.1041,0.002354,32.8,0.08,6.7584,0.75,200406,0.975,-0.106454,0.01110624,-0.005564183782649642,1.006006006006006,-1.1813961500781003,36.61,0.08,6.7584,0.75,17.6656,0.8762,0.014389309999999999,0.005382102578726848,1.0627659574468085,0.41981119372711784
62128840.7,5.9825,-0.0112,0.002402,25.88,0.2,15.6471,1.66,200407,0.9652,-0.013602,0.004626899999999999,-0.0006241389925067575,0.9303482587064675,-0.5820377384718511,32.8,0.08,6.7584,0.75,11.9815,0.975,0.01110624,-0.005564183782649642,1.006006006006006,-1.1813961500781003
42296619.56,4.2164,-0.0294,0.002377,25.12,0.2,15.6471,1.66,200408,0.9808,-0.031777,0.00381966,-0.0016742389223438337,0.900497512437811,-0.18410542086622295,25.88,0.2,15.6471,1.66,5.9825,0.9652,0.004626899999999999,-0.0006241389925067575,0.9303482587064675,-0.5820377384718511
225725177.4,21.1131,0.099,0.002008,27.61,0.2,15.6471,1.66,200409,0.963,0.09699200000000001,0.00943545,0.0051469135021053524,0.9711442786069651,1.4837589110047864,25.12,0.2,15.6471,1.66,4.2164,0.9808,0.00381966,-0.0016742389223438337,0.900497512437811,-0.18410542086622295
154895727.81,14.1404,0.0085,0.00209,55.48,0.34,23.7447,2.47,200410,0.9088,0.006410000000000001,0.014379389999999999,0.0004507308082450436,1.0235655737704918,-0.935791333455426,27.61,0.2,15.6471,1.66,21.1131,0.963,0.00943545,0.0051469135021053524,0.9711442786069651,1.4837589110047864
191166116.83,16.7722,0.0168,0.002086,56.41,0.34,23.7447,2.47,200411,0.795,0.014713999999999998,0.008388920000000001,0.000881027081963976,1.03003003003003,0.7803015631884784,55.48,0.34,23.7447,2.47,14.1404,0.9088,0.014379389999999999,0.0004507308082450436,1.0235655737704918,-0.935791333455426
116231020.79,10.5049,-0.0238,0.002035,55.07,0.34,23.7447,2.47,200412,0.8443,-0.025835,0.00602439,-0.0012815618028249713,0.966958211856171,-0.1647153526958987,56.41,0.34,23.7447,2.47,16.7722,0.795,0.008388920000000001,0.000881027081963976,1.03003003003003,0.7803015631884784
21446614.53,2.1314,-0.1058,0.002085,20.8,0.34,23.7447,2.47,200501,0.8666,-0.10788500000000001,0.00578312,-0.00626737249898457,0.9067055393586007,-1.0488159469132392,55.07,0.34,23.7447,2.47,10.5049,0.8443,0.00602439,-0.0012815618028249713,0.966958211856171,-0.1647153526958987
84982962.78,8.235,0.0876,0.00196,22.62,0.34,23.7447,2.47,200502,0.8521,0.08564,0.00473641,0.004797906967247498,0.8979591836734695,1.2680195369578473,20.8,0.34,23.7447,2.47,2.1314,0.8666,0.00578312,-0.00626737249898457,0.9067055393586007,-1.0488159469132392
134557080.04,12.6961,-0.0381,0.001454,21.76,0.41,26.6705,3.19,200503,0.8215,-0.039554,0.00521236,-0.0020355283518539106,0.9648241206030151,-0.5116487567575175,22.62,0.34,23.7447,2.47,8.235,0.8521,0.00473641,0.004797906967247498,0.8979591836734695,1.2680195369578473
60329597.17,6.067,-0.0882,0.000954,19.18,0.09,5.7005,0.86,200504,0.8456,-0.089154,0.010123519999999999,-0.004923157061175321,0.946875,-1.3232608678843343,21.76,0.41,26.6705,3.19,12.6961,0.8215,0.00521236,-0.0020355283518539106,0.9648241206030151,-0.5116487567575175
63732310.39,7.451,-0.0546,0.000967,18.13,0.09,5.7005,0.86,200505,0.857,-0.055567000000000005,0.00869574,-0.003038363137672396,0.8374999999999999,-0.894094376059857,19.18,0.09,5.7005,0.86,6.067,0.8456,0.010123519999999999,-0.004923157061175321,0.946875,-1.3232608678843343
198904115.19,22.1014,-0.0609,0.00094,16.79,0.09,5.7005,0.72,200506,0.8504,-0.061840000000000006,0.02408007,-0.0031870911302865654,0.7968750000000001,0.09112662659090988,18.13,0.09,5.7005,0.86,7.451,0.857,0.00869574,-0.003038363137672396,0.8374999999999999,-0.894094376059857
71397415.61,9.0195,0.0442,0.000952,20.28,0.13,10.0188,1.45,200507,0.847,0.043248,0.0061626300000000005,0.002444180309068686,0.6754675467546755,0.9310015885787901,16.79,0.09,5.7005,0.72,22.1014,0.8504,0.02408007,-0.0031870911302865654,0.7968750000000001,0.09112662659090988
179626346.62,19.598,0.1645,0.000895,23.61,0.13,10.0188,1.45,200508,0.9111,0.163605,0.021670379999999996,0.008654984202687739,0.8917910447761195,1.7314178855258142,20.28,0.13,10.0188,1.45,9.0195,0.847,0.0061626300000000005,0.002444180309068686,0.6754675467546755,0.9310015885787901
585050314.08,67.5469,-0.214,0.00093,18.56,0.13,10.0188,1.45,200509,0.8598,-0.21492999999999998,0.012748379999999998,-0.010600772314323022,0.911111111111111,-1.1805072157459473,23.61,0.13,10.0188,1.45,19.598,0.9111,0.021670379999999996,0.008654984202687739,0.8917910447761195,1.7314178855258142
70220021.61,9.0694,-0.0623,0.000969,17.83,0.2,14.6681,2.25,200510,0.8617,-0.063269,0.00654975,-0.0034482483714252704,0.8145048814504882,-0.9516998315344739,18.56,0.13,10.0188,1.45,67.5469,0.8598,0.012748379999999998,-0.010600772314323022,0.911111111111111,-1.1805072157459473
68235493.08,12.8206,-0.2657,0.001173,13.1,0.2,14.6681,2.25,200511,0.9084,-0.26687299999999997,0.08070775999999999,-0.014729626196472384,0.5578800557880056,-2.500503137601832,17.83,0.2,14.6681,2.25,9.0694,0.8617,0.00654975,-0.0034482483714252704,0.8145048814504882,-0.9516998315344739
150367804.53,28.7442,0.0413,0.001507,13.64,0.2,14.6681,2.25,200512,0.8782,0.039793,0.009779089999999999,0.0021934722299330072,0.5781922525107605,0.08425066609993356,13.1,0.2,14.6681,2.25,12.8206,0.9084,0.08070775999999999,-0.014729626196472384,0.5578800557880056,-2.500503137601832
384276974.38,62.36,0.2357,0.001507,16.77,0.2,14.6681,2.25,200601,1.0546,0.23419299999999998,0.0160498,0.011923989516730037,0.8647260273972602,1.1681289569006348,13.64,0.2,14.6681,2.25,28.7442,0.8782,0.009779089999999999,0.0021934722299330072,0.5781922525107605,0.08425066609993356
322868858.13,47.9424,-0.0582,0.001466,15.8,0.3,19.2863,3.84,200602,0.9668,-0.059666000000000004,0.01358606,-0.0029704855030573472,1.0297029702970297,0.31922479359356515,16.77,0.2,14.6681,2.25,62.36,1.0546,0.0160498,0.011923989516730037,0.8647260273972602,1.1681289569006348
259397758.39,40.5424,-0.0128,0.001453,15.59,0.3,19.2863,3.84,200603,0.92,-0.014253,0.01144834,-0.0006606835853419516,0.9365384615384615,0.2945532187628155,15.8,0.3,19.2863,3.84,47.9424,0.9668,0.01358606,-0.0029704855030573472,1.0297029702970297,0.31922479359356515
661368906.53,94.0644,0.1123,0.001548,18.22,0.06,3.8942,1.72,200604,1.0838,0.110752,0.03299132,0.0055293442792308045,1.075,0.2104464315780363,15.59,0.3,19.2863,3.84,40.5424,0.92,0.01144834,-0.0006606835853419516,0.9365384615384615,0.2945532187628155
1113400877.09,131.0245,0.2194,0.001672,22.22,0.06,3.8942,1.72,200605,1.1173,0.217728,0.052385980000000006,0.010532538885487908,1.2576028622540252,0.34148069861577635,18.22,0.06,3.8942,1.72,94.0644,1.0838,0.03299132,0.0055293442792308045,1.075,0.2104464315780363
534450634.39,66.2546,-0.051,0.001811,21.08,0.06,3.8942,1.72,200606,1.1252,-0.052811,0.03079966,-0.0025377237706895343,0.9544807965860597,-1.030599271663057,22.22,0.06,3.8942,1.72,131.0245,1.1173,0.052385980000000006,0.010532538885487908,1.2576028622540252,0.34148069861577635
541188832.27,63.4755,-0.0302,0.001981,18.56,0.06,3.8942,1.72,200607,1.0819,-0.032181,0.02880857999999999,-0.0015017942847151,0.9331436699857751,-1.2349317444372716,21.08,0.06,3.8942,1.72,66.2546,1.1252,0.03079966,-0.0025377237706895343,0.9544807965860597,-1.030599271663057
283442269.01,35.6912,0.0398,0.002051,19.3,0.15,8.6565,3.47,200608,1.1005,0.037749000000000005,0.0159467,0.002044956254195044,0.8790896159317211,-0.37868019855894214,18.56,0.06,3.8942,1.72,63.4755,1.0819,0.02880857999999999,-0.0015017942847151,0.9331436699857751,-1.2349317444372716
341479512.75,40.1514,0.0549,0.002067,20.36,0.15,8.6565,3.47,200609,1.0886,0.052833,0.0109763,0.002794064009432268,0.955290611028316,0.995181211178947,19.3,0.15,8.6565,3.47,35.6912,1.1005,0.0159467,0.002044956254195044,0.8790896159317211,-0.37868019855894214
207380069.05,24.3618,-0.0726,0.002167,20.01,0.22,12.0761,5.34,200610,1.1329,-0.074767,0.005272860000000001,-0.0037911100948570023,0.9878048780487806,-0.922818343107359,20.36,0.15,8.6565,3.47,40.1514,1.0886,0.0109763,0.002794064009432268,0.955290611028316,0.995181211178947
145728575.2,18.9705,-0.0459,0.002289,19.09,0.22,12.0761,5.34,200611,1.0012,-0.048189,0.006727680000000001,-0.0024418457184996836,0.9058641975308641,-0.5028862699120215,20.01,0.22,12.0761,5.34,24.3618,1.1329,0.005272860000000001,-0.0037911100948570023,0.9878048780487806,-0.922818343107359
263326873.7,34.498,-0.041,0.00234,18.31,0.22,12.0761,5.34,200612,0.9606,-0.043340000000000004,0.0071636700000000005,-0.0021146112397046144,0.8935185185185185,-0.41988331873271184,19.09,0.22,12.0761,5.34,18.9705,1.0012,0.006727680000000001,-0.0024418457184996836,0.9058641975308641,-0.5028862699120215
625214557.61,69.9321,0.2621,0.00234,23.58,0.22,12.0761,5.34,200701,1.0572,0.25976,0.026386049999999998,0.012940905793981286,1.1311728395061729,1.1223848955037898,18.31,0.22,12.0761,5.34,34.498,0.9606,0.0071636700000000005,-0.0021146112397046144,0.8935185185185185,-0.41988331873271184
426071984.72,40.4854,0.1841,0.002374,27.93,0.22,12.0761,5.34,200702,1.1016,0.18172600000000003,0.018736680000000002,0.009265168528753474,1.1828103683492497,-1.1074450262369318,23.58,0.22,12.0761,5.34,69.9321,1.0572,0.026386049999999998,0.012940905793981286,1.1311728395061729,1.1223848955037898
739801884.71,63.1969,0.0796,0.002364,30.15,0.22,12.0761,5.34,200703,1.1761,0.077236,0.018146959999999997,0.003897777745610977,1.0784313725490196,0.030722520945138127,27.93,0.22,12.0761,5.34,40.4854,1.1016,0.018736680000000002,0.009265168528753474,1.1828103683492497,-1.1074450262369318
1445800690.0,97.8437,0.5991,0.002427,38.78,0.13,6.4942,2.59,200704,1.5223,0.596673,0.04398970000000001,0.028404229727470934,1.4844919786096258,1.157843894822403,30.15,0.22,12.0761,5.34,63.1969,1.1761,0.018146959999999997,0.003897777745610977,1.0784313725490196,0.030722520945138127
2227836025.37,90.9732,0.2997,0.002487,50.41,0.13,6.4942,2.59,200705,1.6482,0.297213,0.057738149999999995,0.013923799980059213,1.482708933717579,0.7092648966576578,38.78,0.13,6.4942,2.59,97.8437,1.5223,0.04398970000000001,0.028404229727470934,1.4844919786096258,1.157843894822403
2055413130.3,83.9252,-0.1962,0.002551,40.51,0.13,6.4942,2.59,200706,1.6436,-0.198751,0.06774116000000001,-0.00914952220480685,0.9849368318756074,-0.3761201359575909,50.41,0.13,6.4942,2.59,90.9732,1.6482,0.057738149999999995,0.013923799980059213,1.482708933717579,0.7092648966576578
1136498557.76,49.5822,0.3193,0.00262,37.5,0.13,6.4942,2.59,200707,1.7227,0.31667999999999996,0.04081455999999999,0.015313254172378311,0.9295432458697765,0.4342570803399239,40.51,0.13,6.4942,2.59,83.9252,1.6436,0.06774116000000001,-0.00914952220480685,0.9849368318756074,-0.3761201359575909
1603855390.22,62.7744,-0.0058,0.002682,37.28,0.37,16.3417,5.52,200708,1.6527,-0.008482,0.031186979999999996,-0.00027364071563170463,0.9475218658892129,0.34842153415132704,37.5,0.13,6.4942,2.59,49.5822,1.7227,0.04081455999999999,0.015313254172378311,0.9295432458697765,0.4342570803399239
2181210974.48,66.8263,0.5037,0.002934,56.06,0.37,16.3417,5.52,200709,1.5564,0.500766,0.05436525,0.023424479319099575,1.4109521460286139,1.0367739536230502,37.28,0.37,16.3417,5.52,62.7744,1.6527,0.031186979999999996,-0.00027364071563170463,0.9475218658892129,0.34842153415132704
1600521697.88,40.5515,-0.0315,0.00325,72.44,0.53,21.7957,8.75,200710,1.547,-0.03475,0.03740958,-0.001486298067655186,1.0769230769230769,0.23610580492735134,56.06,0.37,16.3417,5.52,66.8263,1.5564,0.05436525,0.023424479319099575,1.4109521460286139,1.0367739536230502
742617109.99,21.9184,-0.1874,0.003545,58.87,0.53,21.7957,8.75,200711,1.3972,-0.190945,0.028131250000000003,-0.009174720146048221,0.9071428571428571,-0.8817332924382574,72.44,0.53,21.7957,8.75,40.5515,1.547,0.03740958,-0.001486298067655186,1.0769230769230769,0.23610580492735134
852553425.06,23.3099,0.2732,0.003643,74.95,0.53,21.7957,8.75,200712,1.4042,0.269557,0.017161480000000003,0.013285516862349538,0.9305194805194805,0.6205244050542443,58.87,0.53,21.7957,8.75,21.9184,1.3972,0.028131250000000003,-0.009174720146048221,0.9071428571428571,-0.8817332924382574
1525121062.67,37.8314,-0.0963,0.003731,36.7,0.53,21.7957,8.75,200801,1.3725,-0.100031,0.044434520000000005,-0.00455419499940126,1.0714285714285714,-0.7914827530146984,74.95,0.53,21.7957,8.75,23.3099,1.4042,0.017161480000000003,0.013285516862349538,0.9305194805194805,0.6205244050542443
1100127618.55,27.2247,0.2664,0.003753,46.47,0.71,26.3793,11.39,200802,1.3443,0.262647,0.02332484,0.012796192943148167,0.9939393939393939,0.8364190321591999,36.7,0.53,21.7957,8.75,37.8314,1.3725,0.044434520000000005,-0.00455419499940126,1.0714285714285714,-0.7914827530146984
1398212520.24,32.8676,-0.1463,0.003751,39.67,0.71,26.3793,11.39,200803,1.2543,-0.15005100000000002,0.042125989999999995,-0.006947326472107772,1.0303030303030303,8.573184712822267e-05,46.47,0.71,26.3793,11.39,27.2247,1.3443,0.02332484,0.012796192943148167,0.9939393939393939,0.8364190321591999
969267776.93,28.0547,-0.0286,0.003745,32.16,0.27,9.2291,3.81,200804,1.263,-0.032345,0.06448281,-0.0013821732482250343,0.7970588235294118,-0.1049844301727325,39.67,0.71,26.3793,11.39,32.8676,1.2543,0.042125989999999995,-0.006947326472107772,1.0303030303030303,8.573184712822267e-05
1296154840.07,31.9156,0.0295,0.003743,33.11,0.27,9.2291,3.81,200805,1.2544,0.025757,0.015001979999999996,0.0014059222657590686,0.9264705882352942,-0.10190392315649709,32.16,0.27,9.2291,3.81,28.0547,1.263,0.06448281,-0.0013821732482250343,0.7970588235294118,-0.1049844301727325
623289603.76,22.0472,-0.3394,0.003732,21.87,0.27,9.2291,3.81,200806,1.2928,-0.343132,0.04754983000000001,-0.01676006193709287,0.7926470588235294,-1.3841651471452032,33.11,0.27,9.2291,3.81,31.9156,1.2544,0.015001979999999996,0.0014059222657590686,0.9264705882352942,-0.10190392315649709
724586046.83,24.6902,0.2089,0.003682,25.96,0.27,9.2291,3.81,200807,1.3069,0.205218,0.03965059,0.010239638379606994,0.7587301587301587,0.8299823041952931,21.87,0.27,9.2291,3.81,22.0472,1.2928,0.04754983000000001,-0.01676006193709287,0.7926470588235294,-1.3841651471452032
313282201.44,12.7903,-0.311,0.003604,17.88,0.52,17.1127,7.73,200808,1.3334,-0.314604,0.049211769999999995,-0.015897670167546757,0.7311111111111112,-0.8563200489467648,25.96,0.27,9.2291,3.81,24.6902,1.3069,0.03965059,0.010239638379606994,0.7587301587301587,0.8299823041952931
674295377.65,40.4081,-0.2332,0.003591,13.71,0.52,17.1127,7.73,200809,1.3658,-0.236791,0.05836531,-0.011471196258360556,0.5128014842300557,-0.7399684137397601,17.88,0.52,17.1127,7.73,12.7903,1.3334,0.049211769999999995,-0.015897670167546757,0.7311111111111112,-0.8563200489467648
973434434.7,84.3786,-0.4477,0.003522,8.64,0.21,6.4514,4.03,200810,1.4211,-0.451222,0.06955976,-0.021631843007501345,0.44309623430962347,-1.3224808333281046,13.71,0.52,17.1127,7.73,40.4081,1.3658,0.05836531,-0.011471196258360556,0.5128014842300557,-0.7399684137397601
909086250.22,88.1045,0.16,0.003063,10.02,0.21,6.4514,4.03,200811,1.4364,0.156937,0.047918680000000005,0.00775646614766289,0.36300477637863654,0.6565669581650146,8.64,0.21,6.4514,4.03,84.3786,1.4211,0.06955976,-0.021631843007501345,0.44309623430962347,-1.3224808333281046
1809194505.95,137.955,0.1167,0.001908,11.19,0.21,6.4514,4.03,200812,1.4762,0.114792,0.04607614000000001,0.005474722844636814,0.7547033285094066,0.5328768378587998,10.02,0.21,6.4514,4.03,88.1045,1.4364,0.047918680000000005,0.00775646614766289,0.36300477637863654,0.6565669581650146
1011728731.56,72.4407,0.2506,0.001256,34.79,0.21,6.4514,4.03,200901,1.5153,0.24934399999999998,0.026864110000000004,0.012085888135398999,1.057601510859301,0.5581631425103258,11.19,0.21,6.4514,4.03,137.955,1.4762,0.04607614000000001,0.005474722844636814,0.7547033285094066,0.5328768378587998
1929229619.05,113.3018,-0.0228,0.001088,33.99,0.21,6.4514,4.03,200902,1.5013,-0.023888,0.05038611,-0.0010663979294461864,1.2544642857142858,-0.40122453133799507,34.79,0.21,6.4514,4.03,72.4407,1.5153,0.026864110000000004,0.012085888135398999,1.057601510859301,0.5581631425103258
1310703794.18,79.3041,0.2342,0.001041,41.96,0.3,10.7208,14.74,200903,1.5041,0.233159,0.02557661,0.011155658550012326,0.9459074733096084,0.587257085130952,33.99,0.21,6.4514,4.03,113.3018,1.5013,0.05038611,-0.0010663979294461864,1.2544642857142858,-0.40122453133799507
1414653644.04,79.6178,-0.0268,0.001013,147.85,0.05,1.7524,2.51,200904,1.4149,-0.027813,0.0239974,-0.0012719415515882943,0.9693950177935942,0.045420598121210666,41.96,0.3,10.7208,14.74,79.3041,1.5041,0.02557661,0.011155658550012326,0.9459074733096084,0.587257085130952
1089509460.96,61.7249,0.0113,0.00101,149.52,0.05,1.7524,2.51,200905,1.3725,0.010289999999999999,0.01338444,0.000543034436357297,0.9466192170818505,-1.2439699196321263,147.85,0.05,1.7524,2.51,79.6178,1.4149,0.0239974,-0.0012719415515882943,0.9693950177935942,0.045420598121210666
1754617421.5,91.8154,0.1176,0.001043,166.75,0.05,1.7524,2.51,200906,1.3493,0.116557,0.01545453,0.005524883505834269,1.0748898678414098,0.9142703740184311,149.52,0.05,1.7524,2.51,61.7249,1.3725,0.01338444,0.000543034436357297,0.9466192170818505,-1.2439699196321263
2709105134.26,114.5137,0.6492,0.001227,-198.19,0.05,1.7524,2.51,200907,1.4853,0.647973,0.06745881,0.02988966210715499,1.5703551912568305,1.4869784359771998,166.75,0.05,1.7524,2.51,91.8154,1.3493,0.01545453,0.005524883505834269,1.0748898678414098,0.9142703740184311
1480738589.35,50.1714,-0.1696,0.001435,-189.31,0.1,3.5519,4.53,200908,1.539,-0.171035,0.03370526,-0.008031897678743351,1.0221835580687255,-1.1456615100332865,-198.19,0.05,1.7524,2.51,114.5137,1.4853,0.06745881,0.02988966210715499,1.5703551912568305,1.4869784359771998
1946639783.53,70.6246,-0.2246,0.001459,-146.78,0.1,3.5519,4.53,200909,1.4377,-0.22605899999999998,0.034337179999999995,-0.01050054276400788,0.7353191489361702,-0.9219954930375288,-189.31,0.1,3.5519,4.53,50.1714,1.539,0.03370526,-0.008031897678743351,1.0221835580687255,-1.1456615100332865
1836141760.69,66.918,0.1611,0.001481,94.93,0.09,1.9754,2.41,200910,1.4343,0.15961899999999998,0.02618026,0.007552412498819798,0.7131914893617022,0.703765784027061,-146.78,0.1,3.5519,4.53,70.6246,1.4377,0.034337179999999995,-0.01050054276400788,0.7353191489361702,-0.9219954930375288
2662791580.43,82.5601,0.1577,0.001499,109.9,0.09,1.9754,2.41,200911,1.4362,0.156201,0.029300029999999998,0.007266396790269007,0.8553191489361702,0.09274436226321545,94.93,0.09,1.9754,2.41,66.918,1.4343,0.02618026,0.007552412498819798,0.7131914893617022,0.703765784027061
2225014351.54,64.4267,0.0523,0.001516,115.65,0.09,1.9754,2.41,200912,1.4405,0.050783999999999996,0.021286889999999996,0.0024299553518935865,1.0308457711442784,-0.026186110458599223,109.9,0.09,1.9754,2.41,82.5601,1.4362,0.029300029999999998,0.007266396790269007,0.8553191489361702,0.09274436226321545
1852430991.6,52.4982,-0.046,0.001553,66.12,0.09,1.9754,2.41,201001,1.4413,-0.047553,0.015931519999999998,-0.002155600154292271,1.0260617760617763,-0.1461249978092552,115.65,0.09,1.9754,2.41,64.4267,1.4405,0.021286889999999996,0.0024299553518935865,1.0308457711442784,-0.026186110458599223
677162688.02,22.4581,-0.0056,0.001604,65.75,0.27,5.7639,10.58,201002,1.4116,-0.007204,0.008839590000000003,-0.0002754086336232432,0.8372530573847601,-0.7076106096178589,66.12,0.09,1.9754,2.41,52.4982,1.4413,0.015931519999999998,-0.002155600154292271,1.0260617760617763,-0.1461249978092552
1180376687.35,38.9378,-0.031,0.001619,63.71,0.27,5.7639,10.58,201003,1.4851,-0.032619,0.00890627,-0.0014840275940398205,0.8372530573847601,0.17426914523495024,65.75,0.27,5.7639,10.58,22.4581,1.4116,0.008839590000000003,-0.0002754086336232432,0.8372530573847601,-0.7076106096178589
1655685163.6,55.6259,-0.1483,0.001616,46.23,0.09,1.8015,2.79,201004,1.4896,-0.149916,0.012154370000000001,-0.006986227037630764,0.8560677328316085,-0.9888226190091516,63.71,0.27,5.7639,10.58,38.9378,1.4851,0.00890627,-0.0014840275940398205,0.8372530573847601,0.17426914523495024
765655059.32,33.5046,-0.1511,0.001646,39.25,0.09,1.8015,2.79,201005,1.5187,-0.15274600000000002,0.020710299999999997,-0.007386498345826504,0.8230769230769232,-1.3367133553130388,46.23,0.09,1.8015,2.79,55.6259,1.4896,0.012154370000000001,-0.006986227037630764,0.8560677328316085,-0.9888226190091516
565469542.18,26.1493,-0.1159,0.002004,34.7,0.09,1.8015,2.79,201006,1.5393,-0.11790400000000001,0.01294755,-0.0057509571595126315,0.698901098901099,-0.41845193890987525,39.25,0.09,1.8015,2.79,33.5046,1.5187,0.020710299999999997,-0.007386498345826504,0.8230769230769232,-1.3367133553130388
1211018896.66,54.6148,0.2158,0.002134,42.07,0.13,2.7162,5.75,201007,1.5317,0.213666,0.010560570000000002,0.010318087855328355,0.7373626373626374,1.4690058679063065,34.7,0.09,1.8015,2.79,26.1493,1.5393,0.01294755,-0.0057509571595126315,0.698901098901099,-0.41845193890987525
1720882638.29,69.8413,0.0981,0.002055,46.2,0.13,2.7162,5.75,201008,1.5648,0.096045,0.014491110000000001,0.00461297489584246,0.9786381842456608,0.20651488353413228,42.07,0.13,2.7162,5.75,54.6148,1.5317,0.010560570000000002,0.010318087855328355,0.7373626373626374,1.4690058679063065
1661133948.5,63.5149,-0.0314,0.00213,44.75,0.13,2.7162,5.75,201009,1.5291,-0.03353,0.006195330000000001,-0.0014789857108803515,1.0306957708049114,-0.7091937895521135,46.2,0.13,2.7162,5.75,69.8413,1.5648,0.014491110000000001,0.00461297489584246,0.9786381842456608,0.20651488353413228
1859485084.83,66.0962,0.1155,0.002246,67.92,0.05,1.124,3.32,201010,1.4513,0.11325400000000001,0.01486556,0.00541146699548937,1.1125082726671078,0.5309706198479044,44.75,0.13,2.7162,5.75,63.5149,1.5291,0.006195330000000001,-0.0014789857108803515,1.0306957708049114,-0.7091937895521135
2046713974.62,71.3956,-0.0953,0.002446,61.45,0.05,1.124,3.32,201011,1.5095,-0.097746,0.03001655,-0.004445066058235837,1.0654372397382512,-1.253296401069428,67.92,0.05,1.124,3.32,66.0962,1.4513,0.01486556,0.00541146699548937,1.1125082726671078,0.5309706198479044
1567187673.75,56.0345,0.0642,0.00323,65.39,0.05,1.124,3.32,201012,1.4889,0.060969999999999996,0.01569199,0.0030322282563111785,0.9156895589056392,0.449749104334778,61.45,0.05,1.124,3.32,71.3956,1.5095,0.03001655,-0.004445066058235837,1.0654372397382512,-1.253296401069428
953666872.42,34.9909,-0.0334,0.00393,20.42,0.05,1.124,3.32,201101,1.3987,-0.03733,0.0103958,-0.0016154131714397866,0.914572864321608,-0.5229481723433786,65.39,0.05,1.124,3.32,56.0345,1.4889,0.01569199,0.0030322282563111785,0.9156895589056392,0.449749104334778
1393676097.34,47.023,0.2347,0.00432,25.21,0.05,1.124,3.32,201102,1.4605,0.23038,0.01474312,0.011146884378995532,1.0161920714684534,1.5741780473476383,20.42,0.05,1.124,3.32,34.9909,1.3987,0.0103958,-0.0016154131714397866,0.914572864321608,-0.5229481723433786
2330727825.85,70.3371,-0.0429,0.003581,24.13,0.72,13.6734,13.94,201103,1.4959,-0.046481,0.020277580000000003,-0.0019889244790998327,1.098901098901099,0.22523742654245624,25.21,0.05,1.124,3.32,47.023,1.4605,0.01474312,0.011146884378995532,1.0161920714684534,1.5741780473476383
2619410353.47,71.5681,0.2113,0.003592,24.08,0.24,4.3504,3.45,201104,1.4236,0.20770799999999998,0.022659769999999996,0.00974351675865113,1.1324999999999998,1.0540822078846,24.13,0.72,13.6734,13.94,70.3371,1.4959,0.020277580000000003,-0.0019889244790998327,1.098901098901099,0.22523742654245624
2559503809.01,68.5869,-0.1308,0.003795,20.7,0.24,4.3504,3.45,201105,1.4661,-0.134595,0.03270618,-0.006037922793808107,1.0163355408388521,-0.5376314655285214,24.08,0.24,4.3504,3.45,71.5681,1.4236,0.022659769999999996,0.00974351675865113,1.1324999999999998,1.0540822078846
1399547858.77,42.9374,0.059,0.004514,21.92,0.24,4.3504,3.45,201106,1.4788,0.054486,0.0096924,0.0028015972819009213,0.8344917463075587,-0.03848674951994759,20.7,0.24,4.3504,3.45,68.5869,1.4661,0.03270618,-0.006037922793808107,1.0163355408388521,-0.5376314655285214
2041373130.88,57.2493,-0.0442,0.005108,15.57,0.24,4.3504,3.45,201107,1.0755,-0.049308000000000005,0.015146860000000003,-0.002061866392371712,0.9144222415291052,-0.17695401259043075,21.92,0.24,4.3504,3.45,42.9374,1.4788,0.0096924,0.0028015972819009213,0.8344917463075587,-0.03848674951994759
1310866064.13,42.1924,-0.0196,0.004642,15.27,0.58,10.2955,8.15,201108,1.1369,-0.024242,0.01402488,-0.0009336021274609987,0.8205907906168549,-1.1027997772151472,15.57,0.24,4.3504,3.45,57.2493,1.0755,0.015146860000000003,-0.002061866392371712,0.9144222415291052,-0.17695401259043075
1022026799.53,32.7384,-0.1483,0.004687,13.0,0.58,10.2955,8.15,201109,1.241,-0.15298699999999998,0.01529274,-0.0071486920790684305,0.8688836104513064,-0.8208470817534979,15.27,0.58,10.2955,8.15,42.1924,1.1369,0.01402488,-0.0009336021274609987,0.8205907906168549,-1.1027997772151472
575300547.48,21.2663,0.0,0.0047,18.96,0.72,12.5044,12.44,201110,1.2146,-0.0047,0.01255928,0.0,0.775771971496437,-1.3476330905726417,13.0,0.58,10.2955,8.15,32.7384,1.241,0.01529274,-0.0071486920790684305,0.8688836104513064,-0.8208470817534979
789899126.42,29.2479,-0.0972,0.004731,17.12,0.72,12.5044,12.44,201111,1.2219,-0.101931,0.00978299,-0.004744375811704702,0.8406564319745897,-1.5145223076871277,18.96,0.72,12.5044,12.44,21.2663,1.2146,0.01255928,0.0,0.775771971496437,-1.3476330905726417
627451589.38,28.5125,-0.086,0.004565,15.65,0.72,12.5044,12.44,201112,1.1473,-0.09056499999999999,0.02206689,-0.004245408907202344,0.7774740295243303,0.37434885529650264,17.12,0.72,12.5044,12.44,29.2479,1.2219,0.00978299,-0.004744375811704702,0.8406564319745897,-1.5145223076871277
624224890.8,26.8487,0.0553,0.004565,22.64,0.72,12.5044,12.44,201201,1.1565,0.050735,0.016632839999999996,0.0027305916422346115,0.8285364360073485,0.9706528046959257,15.65,0.72,12.5044,12.44,28.5125,1.1473,0.02206689,-0.004245408907202344,0.7774740295243303,0.37434885529650264
1061481533.72,42.0806,0.1071,0.004446,25.06,0.72,12.5044,12.44,201202,1.1492,0.102654,0.006579680000000001,0.005153267251832578,0.9571788413098236,0.6899639709377915,22.64,0.72,12.5044,12.44,26.8487,1.1565,0.016632839999999996,0.0027305916422346115,0.8285364360073485,0.9706528046959257
1274609663.87,50.3103,-0.1847,0.004208,20.43,0.59,10.3874,15.82,201203,1.2226,-0.188908,0.021361900000000003,-0.008809540668642197,1.049342105263158,-1.2134075331550531,25.06,0.72,12.5044,12.44,42.0806,1.1492,0.006579680000000001,0.005153267251832578,0.9571788413098236,0.6899639709377915
386590647.21,15.4465,0.0257,0.004006,80.66,-0.09,-0.9839,1.87,201204,1.1725,0.021694,0.00589953,0.0012997602770882318,0.8169278996865204,0.06382841107772126,20.43,0.59,10.3874,15.82,50.3103,1.2226,0.021361900000000003,-0.008809540668642197,1.049342105263158,-1.2134075331550531
419880367.75,11.4153,-0.0235,0.003739,78.77,-0.09,-0.9839,1.87,201205,1.1199,-0.027239,0.005062859999999999,-0.0011835523260299854,0.7855799373040753,0.35192379339303165,80.66,-0.09,-0.9839,1.87,15.4465,1.1725,0.00589953,0.0012997602770882318,0.8169278996865204,0.06382841107772126
277189479.36,8.2535,-0.1831,0.003415,64.35,-0.09,-0.9839,1.87,201206,1.1571,-0.18651500000000001,0.011384110000000001,-0.009418621628820402,0.7479623824451411,-2.2957516230426287,78.77,-0.09,-0.9839,1.87,11.4153,1.1199,0.005062859999999999,-0.0011835523260299854,0.7855799373040753,0.35192379339303165
213010613.74,7.542,-0.1258,0.003225,-69.42,-0.09,-0.9839,1.87,201207,1.1091,-0.129025,0.009332530000000004,-0.006559992035063358,0.7643898695318497,-0.9543054085760726,64.35,-0.09,-0.9839,1.87,8.2535,1.1571,0.011384110000000001,-0.009418621628820402,0.7479623824451411,-2.2957516230426287
187600489.44,6.9763,-0.0197,0.003031,-68.05,-0.13,-1.4752,4.11,201208,1.1044,-0.022730999999999998,0.004382969999999999,-0.0010341302237457132,0.7414205905826017,-0.3195394009274451,-69.42,-0.09,-0.9839,1.87,7.542,1.1091,0.009332530000000004,-0.006559992035063358,0.7643898695318497,-0.9543054085760726
215284505.62,8.1229,-0.013,0.003047,-67.16,-0.13,-1.4752,4.11,201209,1.0992,-0.016047,0.008520449999999999,-0.0006775254542171462,0.7837384744341995,-0.0926137554145222,-68.05,-0.13,-1.4752,4.11,6.9763,1.1044,0.004382969999999999,-0.0010341302237457132,0.7414205905826017,-0.3195394009274451
235673851.66,9.0072,-0.0144,0.003083,24.52,0.07,0.8327,2.37,201210,1.1124,-0.017483,0.00666456,-0.0007469670251023028,0.8835341365461847,-0.33268988915802666,-67.16,-0.13,-1.4752,4.11,8.1229,1.0992,0.008520449999999999,-0.0006775254542171462,0.7837384744341995,-0.0926137554145222
149929730.77,6.3375,-0.1594,0.00314,20.62,0.07,0.8327,2.37,201211,1.1705,-0.16254,0.00754085,-0.008467158850261785,0.9090909090909092,-1.3910122257754498,24.52,0.07,0.8327,2.37,9.0072,1.1124,0.00666456,-0.0007469670251023028,0.8835341365461847,-0.33268988915802666
272132822.94,11.5612,0.2431,0.00322,25.63,0.07,0.8327,2.37,201212,1.2279,0.23988,0.009621280000000001,0.012516861963221817,0.9187165775401069,1.5440103486126213,20.62,0.07,0.8327,2.37,6.3375,1.1705,0.00754085,-0.008467158850261785,0.9090909090909092,-1.3910122257754498
380457605.79,14.1743,0.0373,0.003246,88.92,0.07,0.8327,2.37,201301,1.2368,0.034054,0.01052233,0.001887949411612961,1.0511363636363635,0.8842476774179399,25.63,0.07,0.8327,2.37,11.5612,1.2279,0.009621280000000001,0.012516861963221817,0.9187165775401069,1.5440103486126213
296012968.23,10.9093,-0.0202,0.00324,87.13,0.1,1.1329,8.98,201302,1.1136,-0.02344,0.00796031,-0.0010355833714526146,1.0194594594594595,-0.9315294695769746,88.92,0.07,0.8327,2.37,14.1743,1.2368,0.01052233,0.001887949411612961,1.0511363636363635,0.8842476774179399
1040529488.17,36.0558,-0.0389,0.003236,83.73,0.1,1.1329,8.98,201303,1.1102,-0.042136,0.019468870000000003,-0.001873525422570916,1.0668080593849418,1.274741092288982,87.13,0.1,1.1329,8.98,10.9093,1.1136,0.00796031,-0.0010355833714526146,1.0194594594594595,-0.9315294695769746
362972250.52,14.6529,-0.0667,0.003235,36.41,0.06,0.7217,2.02,201304,1.1859,-0.069935,0.00395278,-0.003384096996233786,0.827037773359841,-1.0453993758569398,83.73,0.1,1.1329,8.98,36.0558,1.1102,0.019468870000000003,-0.001873525422570916,1.0668080593849418,1.274741092288982
688063445.96,25.9859,0.1609,0.003235,42.04,0.06,0.7217,2.02,201305,1.1999,0.157665,0.007382879999999999,0.007906870293066044,0.9045725646123259,1.3912027883514446,36.41,0.06,0.7217,2.02,14.6529,1.1859,0.00395278,-0.003384096996233786,0.827037773359841,-1.0453993758569398
261964781.01,10.7883,-0.2235,0.004241,32.65,0.06,0.7217,2.02,201306,1.2121,-0.227741,0.010922959999999999,-0.011530294120360277,0.8817097415506957,-1.9370881822809323,42.04,0.06,0.7217,2.02,25.9859,1.1999,0.007382879999999999,0.007906870293066044,0.9045725646123259,1.3912027883514446
363942859.05,15.9375,0.0883,0.003972,19.32,0.06,0.7217,2.02,201307,1.2351,0.084328,0.00987391,0.004479389560242553,0.8670329670329671,0.8665381795127433,32.65,0.06,0.7217,2.02,10.7883,1.2121,0.010922959999999999,-0.011530294120360277,0.8817097415506957,-1.9370881822809323
1005656880.35,38.7747,0.0969,0.00388,21.19,0.17,1.8767,4.58,201308,1.2592,0.09302,0.01699874,0.004674631471951053,1.0021978021978022,2.219247809130179,19.32,0.06,0.7217,2.02,15.9375,1.2351,0.00987391,0.004479389560242553,0.8670329670329671,0.8665381795127433
502878159.11,19.2688,0.0107,0.003884,21.42,0.17,1.8767,4.58,201309,1.2643,0.006815999999999999,0.004727509999999999,0.0005340425026386777,0.9725877192982456,0.1429705910589948,21.19,0.17,1.8767,4.58,38.7747,1.2592,0.01699874,0.004674631471951053,1.0021978021978022,2.219247809130179
709407044.89,26.2589,0.0815,0.003897,98.49,0.07,0.7222,2.18,201310,1.2323,0.077603,0.009436120000000001,0.003999030413039597,1.0098684210526319,0.7522537439474497,21.42,0.17,1.8767,4.58,19.2688,1.2643,0.004727509999999999,0.0005340425026386777,0.9725877192982456,0.1429705910589948
1005496948.4,36.3227,0.048,0.00392,103.23,0.07,0.7222,2.18,201311,1.2167,0.04408,0.01157033,0.0023156246879925037,1.042345276872964,0.27833947186305197,98.49,0.07,0.7222,2.18,26.2589,1.2323,0.009436120000000001,0.003999030413039597,1.0098684210526319,0.7522537439474497
1195547263.94,40.2816,0.0052,0.004417,103.76,0.07,0.7222,2.18,201312,1.2919,0.0007829999999999998,0.01358956,0.0002487815697884501,1.084375,-0.21642130330649323,103.23,0.07,0.7222,2.18,36.3227,1.2167,0.01157033,0.0023156246879925037,1.042345276872964,0.27833947186305197
421897819.26,15.8221,-0.0881,0.004654,34.63,0.07,0.7222,2.18,201401,1.3045,-0.092754,0.008156240000000002,-0.004435991230247215,0.9106628242074928,-0.9425096391187636,103.76,0.07,0.7222,2.18,40.2816,1.2919,0.01358956,0.0002487815697884501,1.084375,-0.21642130330649323
477064519.75,17.2588,-0.0114,0.004657,34.24,0.07,0.7222,2.18,201402,1.3243,-0.016057000000000002,0.00623029,-0.0005704802787542234,0.9068203650336215,-0.6092957976487076,34.63,0.07,0.7222,2.18,15.8221,1.3045,0.008156240000000002,-0.004435991230247215,0.9106628242074928,-0.9425096391187636
409629847.92,15.5302,-0.0437,0.004587,32.74,0.25,2.8065,9.04,201403,1.258,-0.048287000000000004,0.007233829999999999,-0.0022036467630961744,0.8818443804034581,-0.6214204470401893,34.24,0.07,0.7222,2.18,17.2588,1.3243,0.00623029,-0.0005704802787542234,0.9068203650336215,-0.6092957976487076
308437755.8,11.9169,-0.0204,0.004582,28.97,0.09,0.9971,1.37,201404,1.264,-0.024982,0.0046744099999999995,-0.0010436367753129687,0.9314345991561181,-0.7995871388943782,32.74,0.25,2.8065,9.04,15.5302,1.258,0.007233829999999999,-0.0022036467630961744,0.8818443804034581,-0.6214204470401893
486075770.55,18.668,0.038,0.004369,29.72,0.09,0.9971,1.37,201405,1.276,0.033631,0.005815399999999999,0.001899821884460571,0.9364406779661018,1.144718703957362,28.97,0.09,0.9971,1.37,11.9169,1.264,0.0046744099999999995,-0.0010436367753129687,0.9314345991561181,-0.7995871388943782
421948670.79,16.0689,0.049,0.003998,31.18,0.09,0.9971,1.37,201406,1.2277,0.045002,0.0019189200000000002,0.002467221920626382,0.9586056644880175,0.052131464811551315,29.72,0.09,0.9971,1.37,18.668,1.276,0.005815399999999999,0.001899821884460571,0.9364406779661018,1.144718703957362
968295742.38,34.1313,0.1357,0.003955,30.1,0.09,0.9971,1.37,201407,1.2415,0.131745,0.00621101,0.006558391785130909,1.1266968325791857,0.33433302213475535,31.18,0.09,0.9971,1.37,16.0689,1.2277,0.0019189200000000002,0.002467221920626382,0.9586056644880175,0.052131464811551315
929902567.26,30.6082,-0.0201,0.003905,29.5,0.25,2.6629,3.14,201408,1.2241,-0.024005,0.008239300000000001,-0.0009733377902369152,1.0311244979919678,0.17498474875578657,30.1,0.09,0.9971,1.37,34.1313,1.2415,0.00621101,0.006558391785130909,1.1266968325791857,0.33433302213475535
1334735318.81,40.4665,0.1926,0.003849,35.18,0.25,2.6629,3.14,201409,1.2764,0.188751,0.011214380000000001,0.009166191251526155,1.133398247322298,0.6321486161425688,29.5,0.25,2.6629,3.14,30.6082,1.2241,0.008239300000000001,-0.0009733377902369152,1.0311244979919678,0.17498474875578657
904126403.32,26.1819,-0.0344,0.003758,54.91,0.26,2.8322,4.63,201410,1.2819,-0.038158,0.00439272,-0.0016680826186570743,1.0103092783505154,0.00402843958362297,35.18,0.25,2.6629,3.14,40.4665,1.2764,0.011214380000000001,0.009166191251526155,1.133398247322298,0.6321486161425688
735647040.48,21.6352,0.0107,0.003559,55.5,0.26,2.8322,4.63,201411,1.2597,0.007141,0.00459459,0.0005240920461155855,0.9770408163265306,-0.6925329770858206,54.91,0.26,2.8322,4.63,26.1819,1.2819,0.00439272,-0.0016680826186570743,1.0103092783505154,0.00402843958362297
1550884269.66,43.1406,0.1021,0.003884,61.16,0.26,2.8322,4.63,201412,1.1501,0.098216,0.02424007,0.004824664987455008,1.08843537414966,0.8473065518832352,55.5,0.26,2.8322,4.63,21.6352,1.2597,0.00459459,0.0005240920461155855,0.9770408163265306,-0.6925329770858206
1086235552.34,29.2569,-0.0503,0.004126,68.93,0.26,2.8322,4.63,201501,1.0736,-0.054425999999999995,0.01127532,-0.0024175737210818554,1.0031249999999998,-0.7783483916921498,61.16,0.26,2.8322,4.63,43.1406,1.1501,0.02424007,0.004824664987455008,1.08843537414966,0.8473065518832352
368477183.61,10.1768,0.0261,0.004087,70.72,0.26,2.8322,4.63,201502,1.0403,0.022013,0.00127952,0.001323201338973117,0.9509345794392524,0.7740957996223725,68.93,0.26,2.8322,4.63,29.2569,1.0736,0.01127532,-0.0024175737210818554,1.0031249999999998,-0.7783483916921498
1782620047.84,44.9246,0.127,0.004083,79.71,0.17,1.8893,6.38,201503,0.9088,0.122917,0.00550914,0.005962063421619467,1.088006230529595,0.9882241372663424,70.72,0.26,2.8322,4.63,10.1768,1.0403,0.00127952,0.001323201338973117,0.9509345794392524,0.7740957996223725
3122417544.15,69.7644,0.0669,0.003838,153.93,0.01,0.1535,1.13,201504,0.8146,0.063062,0.02529908,0.0030601220123519066,1.1238367931281317,0.963610995487523,79.71,0.17,1.8893,6.38,44.9246,0.9088,0.00550914,0.005962063421619467,1.088006230529595,0.9882241372663424
3278455293.41,69.0539,0.0566,0.002815,162.64,0.01,0.1535,1.13,201505,0.6055,0.053785,0.01821983,0.0025832200541146748,1.0942675159235669,-0.42659753398488043,153.93,0.01,0.1535,1.13,69.7644,0.8146,0.02529908,0.0030601220123519066,1.1238367931281317,0.963610995487523
4622324804.48,86.057,-0.0516,0.002524,154.04,0.01,0.1535,1.13,201506,0.4007,-0.054124,0.06337404,-0.002318667233750354,1.1868451688009314,-0.5083045524296994,162.64,0.01,0.1535,1.13,69.0539,0.6055,0.01821983,0.0025832200541146748,1.0942675159235669,-0.42659753398488043
3635839497.56,104.3767,-0.25,0.002644,564.62,0.01,0.1535,1.13,201507,0.6022,-0.252644,0.13264559,-0.011356354942585882,0.6522805296714076,-0.20843579785426838,154.04,0.01,0.1535,1.13,86.057,0.4007,0.06337404,-0.002318667233750354,1.1868451688009314,-0.5083045524296994
2929869831.05,82.0993,-0.0736,0.002592,523.08,0.09,0.9992,2.7,201508,0.5591,-0.076192,0.07995544999999998,-0.003376421884864958,0.6861206473761647,-0.37167956110631395,564.62,0.01,0.1535,1.13,104.3767,0.6022,0.13264559,-0.011356354942585882,0.6522805296714076,-0.20843579785426838
1313529491.49,43.641,-0.048,0.002602,497.95,0.09,0.9992,2.7,201509,0.5672,-0.050602,0.03525775,-0.002286151526407288,0.5203531142717017,0.1420246535646523,523.08,0.09,0.9992,2.7,82.0993,0.5591,0.07995544999999998,-0.003376421884864958,0.6861206473761647,-0.37167956110631395
2213926221.78,63.8716,0.2204,0.002618,79.32,-0.01,-0.0797,1.51,201510,0.6635,0.217782,0.030770580000000002,0.01024257172781391,0.8842030021443887,0.714755787694241,497.95,0.09,0.9992,2.7,43.641,0.5672,0.03525775,-0.002286151526407288,0.5203531142717017,0.1420246535646523
2751566621.1,71.6853,0.0245,0.002534,81.26,-0.01,-0.0797,1.51,201511,0.6552,0.021966,0.01975359,0.0011271915456052648,0.9935668334524661,-1.0529096488424177,79.32,-0.01,-0.0797,1.51,63.8716,0.6635,0.030770580000000002,0.01024257172781391,0.8842030021443887,0.714755787694241
2239755130.0,55.3608,0.2224,0.002549,99.33,-0.01,-0.0797,1.51,201512,0.6742,0.219851,0.01101436,0.010329948792247159,1.0676258992805756,0.9108759970720175,81.26,-0.01,-0.0797,1.51,71.6853,0.6552,0.01975359,0.0011271915456052648,0.9935668334524661,-1.0529096488424177
1151193210.51,33.0128,-0.3363,0.002544,100.51,-0.01,-0.0797,1.51,201601,0.7919,-0.338844,0.048917419999999996,-0.01611862323902538,0.9137466307277629,-1.4262009793690589,99.33,-0.01,-0.0797,1.51,55.3608,0.6742,0.01101436,0.010329948792247159,1.0676258992805756,0.9108759970720175
823380393.44,25.5372,-0.0122,0.002504,99.29,-0.01,-0.0797,1.51,201602,0.7886,-0.014704000000000002,0.02133649,-0.0005942833201862326,0.7722371967654987,-1.165435055238323,100.51,-0.01,-0.0797,1.51,33.0128,0.7919,0.048917419999999996,-0.01611862323902538,0.9137466307277629,-1.4262009793690589
1288053102.19,38.6005,0.1686,0.002341,116.02,0.1,1.0636,5.6,201603,0.8001,0.166259,0.020554100000000002,0.008037605048973545,0.7776280323450134,0.7390018178965823,99.29,-0.01,-0.0797,1.51,25.5372,0.7886,0.02133649,-0.0005942833201862326,0.7722371967654987,-1.165435055238323
450730607.3,12.4319,0.0712,0.002381,117.79,0.02,0.21,0.98,201604,0.7864,0.068819,0.0034225699999999993,0.003573152704367323,0.904867256637168,0.5479068622599788,116.02,0.1,1.0636,5.6,38.6005,0.8001,0.020554100000000002,0.008037605048973545,0.7776280323450134,0.7390018178965823
767509820.56,22.0802,-0.009,0.002461,116.44,0.02,0.21,0.98,201606,0.7833,-0.011460999999999999,0.00963849,-0.00043991146994490956,0.9812550937245313,-0.7966380164528505,117.79,0.02,0.21,0.98,12.4319,0.7864,0.0034225699999999993,0.003573152704367323,0.904867256637168,0.5479068622599788
1357768067.07,34.5449,0.0208,0.002413,107.06,0.02,0.21,0.98,201607,0.7781,0.018387,0.012831400000000001,0.0009891051935846961,1.1002444987775062,0.3717010028952206,116.44,0.02,0.21,0.98,22.0802,0.7833,0.00963849,-0.00043991146994490956,0.9812550937245313,-0.7966380164528505
1387601722.24,34.3248,0.1416,0.002338,122.21,0.11,1.1697,2.52,201608,0.7763,0.139262,0.00693687,0.006726571564012651,1.0503703703703704,1.5422464617754585,107.06,0.02,0.21,0.98,34.5449,0.7781,0.012831400000000001,0.0009891051935846961,1.1002444987775062,0.3717010028952206
2117500428.82,46.6015,0.2637,0.002327,154.44,0.11,1.1697,2.52,201609,0.7456,0.26137299999999997,0.0336259,0.012280251153424248,1.250352609308886,1.6434271327342864,122.21,0.11,1.1697,2.52,34.3248,0.7763,0.00693687,0.006726571564012651,1.0503703703703704,1.5422464617754585
10177953446.59,164.1627,0.1551,0.002339,154.33,0.03,0.2933,1.19,201610,0.7268,0.15276099999999998,0.03249135,0.006730751349102613,1.278623801466441,0.5924989932772239,154.44,0.11,1.1697,2.52,46.6015,0.7456,0.0336259,0.012280251153424248,1.250352609308886,1.6434271327342864
8621836284.0,127.322,-0.0581,0.002433,145.37,0.03,0.2933,1.19,201611,0.7241,-0.060533,0.02813515,-0.0025396060607969615,1.0546978385531538,0.19525330649954137,154.33,0.03,0.2933,1.19,164.1627,0.7268,0.03249135,0.006730751349102613,1.278623801466441,0.5924989932772239
17458607646.05,205.208,0.5925,0.002643,231.5,0.03,0.2933,1.19,201612,0.5865,0.5898570000000001,0.08470944,0.02512392493769616,1.4274362191551653,0.8805788840256865,145.37,0.03,0.2933,1.19,127.322,0.7241,0.02813515,-0.0025396060607969615,1.0546978385531538,0.19525330649954137
520678534.67,5.6831,-0.0179,0.003047,83.27,0.03,0.2933,1.19,201701,0.5958,-0.020947,0.00032041,-0.0008918498350669992,0.8839730442426018,-1.0,231.5,0.03,0.2933,1.19,205.208,0.5865,0.08470944,0.02512392493769616,1.4274362191551653,0.8805788840256865
2546594560.04,29.1188,-0.0968,0.003466,75.21,0.03,0.2933,1.19,201702,0.6041,-0.100266,0.009155209999999999,-0.0044694753869645885,0.8754761207149134,-1.959022296909582,83.27,0.03,0.2933,1.19,5.6831,0.5958,0.00032041,-0.0008918498350669992,0.8839730442426018,-1.0
4412473557.75,54.7021,-0.0404,0.003623,72.18,0.03,0.2933,1.19,201703,0.6198,-0.044023,0.0031113300000000003,-0.0018191887361499576,0.8016407852329328,-0.447873362253786,75.21,0.03,0.2933,1.19,29.1188,0.6041,0.009155209999999999,-0.0044694753869645885,0.8754761207149134,-1.959022296909582
173426176.26,8.2337,0.0381,0.001172,107.11,-0.06,-0.7145,0.8,201704,0.6517,0.036928,0.00200881,0.002008300705339926,0.855485581703679,0.5225890777182842,72.18,0.03,0.2933,1.19,54.7021,0.6198,0.0031113300000000003,-0.0018191887361499576,0.8016407852329328,-0.447873362253786
240372877.28,11.3821,-0.0245,0.001589,104.48,-0.06,-0.7145,0.8,201705,0.756,-0.026089,0.050974219999999994,-0.0012695812220358952,0.8520749665327979,-1.8117116284675956,107.11,-0.06,-0.7145,0.8,8.2337,0.6517,0.00200881,0.002008300705339926,0.855485581703679,0.5225890777182842
1687493321.66,70.6793,0.176,0.001932,414.06,-0.06,-0.7145,0.8,201706,0.9231,0.174068,0.02580702,0.008283713410253276,0.6271929824561404,1.3510138699885472,104.48,-0.06,-0.7145,0.8,11.3821,0.756,0.050974219999999994,-0.0012695812220358952,0.8520749665327979,-1.8117116284675956
565065943.72,23.6348,-0.0189,0.002171,406.25,-0.03,-0.4044,2.56,201707,0.9346,-0.021071,0.02781232,-0.0009378510895400862,0.8159628051142968,1.2799475802241658,414.06,-0.06,-0.7145,0.8,70.6793,0.9231,0.02580702,0.008283713410253276,0.6271929824561404,1.3510138699885472
410337622.29,17.3471,-0.0564,0.002231,383.33,-0.03,-0.4044,2.56,201708,0.8275,-0.058630999999999996,0.034757760000000006,-0.002843818279450357,0.8546739984289081,0.9367064305449987,406.25,-0.03,-0.4044,2.56,23.6348,0.9346,0.02781232,-0.0009378510895400862,0.8159628051142968,1.2799475802241658
260225480.12,10.9689,0.0734,0.002332,34.77,0.12,1.3756,4.6,201709,0.8436,0.071068,0.008666950000000001,0.0037879845353145955,0.9669117647058822,-1.0565818225225085,383.33,-0.03,-0.4044,2.56,17.3471,0.8275,0.034757760000000006,-0.002843818279450357,0.8546739984289081,0.9367064305449987
1989905903.1,74.2805,0.062,0.002524,36.93,0.12,1.3756,4.6,201710,0.8323,0.059476,0.010685440000000001,0.0028956600477662883,0.8556985294117647,0.19043545899549558,34.77,0.12,1.3756,4.6,10.9689,0.8436,0.008666950000000001,0.0037879845353145955,0.9669117647058822,-1.0565818225225085
1048503374.28,40.4169,-0.0739,0.002439,34.2,0.12,1.3756,4.6,201711,0.8454,-0.07633899999999999,0.008931490000000002,-0.0035579085145170937,0.7849264705882352,-0.7809311866843245,36.93,0.12,1.3756,4.6,74.2805,0.8323,0.010685440000000001,0.0028956600477662883,0.8556985294117647,0.19043545899549558
462033862.24,20.8769,-0.0373,0.002205,32.58,0.12,1.3756,4.6,201712,0.9019,-0.039505,0.007279270000000001,-0.0018695665339247822,0.7181558935361216,-1.5650656076870535,34.2,0.12,1.3756,4.6,40.4169,0.8454,0.008931490000000002,-0.0035579085145170937,0.7849264705882352,-0.7809311866843245
728830806.02,29.1201,0.1618,0.002342,37.85,0.12,1.3756,4.6,201801,0.8452,0.159458,0.017075859999999998,0.00792867051542438,0.9076262083780879,1.5195257298695737,32.58,0.12,1.3756,4.6,20.8769,0.9019,0.007279270000000001,-0.0018695665339247822,0.7181558935361216,-1.5650656076870535
1121267169.52,41.1827,-0.015,0.002261,37.28,0.12,1.3756,4.6,201802,0.3778,-0.017261,0.01816911,-0.0007198482461747175,0.7880562060889931,-1.2076914997911912,37.85,0.12,1.3756,4.6,29.1201,0.8452,0.017075859999999998,0.00792867051542438,0.9076262083780879,1.5195257298695737
1178033505.92,41.7337,0.0386,0.002173,17.63,0.21,2.3263,1.9,201803,0.3541,0.036427,0.01600395,0.0018480295086170035,0.8497041420118343,-1.7778908730195806,37.28,0.12,1.3756,4.6,41.1827,0.3778,0.01816911,-0.0007198482461747175,0.7880562060889931,-1.2076914997911912
2575960776.79,84.1088,0.3003,0.002102,22.92,0.21,2.3263,1.9,201804,0.0734,0.298198,0.0066877099999999995,0.013858195181998432,0.7650887573964498,-0.18108615148474655,17.63,0.21,2.3263,1.9,41.7337,0.3541,0.01600395,0.0018480295086170035,0.8497041420118343,-1.7778908730195806
2317833040.76,69.4191,-0.0078,0.00204,22.47,0.21,2.3263,1.9,201805,0.1107,-0.00984,0.0107192,-0.0003617156694182742,0.8857938718662953,0.38819636115768297,22.92,0.21,2.3263,1.9,84.1088,0.0734,0.0066877099999999995,0.013858195181998432,0.7650887573964498,-0.18108615148474655
2827168646.93,77.6632,-0.0079,0.002015,13.13,0.21,2.3263,1.9,201806,0.5758,-0.009915,0.015406020000000003,-0.00036300907110082685,0.7924791086350976,-2.4892379337530186,22.47,0.21,2.3263,1.9,69.4191,0.1107,0.0107192,-0.0003617156694182742,0.8857938718662953,0.38819636115768297
4700757775.15,115.9298,0.2705,0.001969,16.68,0.59,6.325,4.13,201807,0.514,0.268531,0.019321579999999998,0.012145845574305555,0.8654292343387471,2.0699688442517217,13.13,0.21,2.3263,1.9,77.6632,0.5758,0.015406020000000003,-0.00036300907110082685,0.7924791086350976,-2.4892379337530186
8072728309.57,170.3404,0.0343,0.00198,17.25,0.59,6.325,4.13,201808,0.0922,0.032319999999999995,0.05135090000000001,0.0015036105936463923,1.0338050314465408,1.0416378242092188,16.68,0.59,6.325,4.13,115.9298,0.514,0.019321579999999998,0.012145845574305555,0.8654292343387471,2.0699688442517217
2709966268.32,74.4048,-0.2817,0.002027,384.42,0.55,5.8614,6.12,201809,0.1103,-0.283727,0.009632310000000002,-0.012969492626281826,0.9680608365019011,-0.9387801620149956,17.25,0.59,6.325,4.13,170.3404,0.0922,0.05135090000000001,0.0015036105936463923,1.0338050314465408,1.0416378242092188
3413942390.16,99.2561,0.1762,0.002055,452.17,0.55,5.8614,6.12,201810,0.3065,0.174145,0.05022949000000001,0.008026920309375126,1.020532319391635,-0.6886291586707356,384.42,0.55,5.8614,6.12,74.4048,0.1103,0.009632310000000002,-0.012969492626281826,0.9680608365019011,-0.9387801620149956
3247347128.11,85.0682,-0.0537,0.002079,427.9,0.55,5.8614,6.12,201811,0.3507,-0.055778999999999995,0.01064992,-0.00245193116437976,0.7041728763040238,-0.28124219525326755,452.17,0.55,5.8614,6.12,99.2561,0.3065,0.05022949000000001,0.008026920309375126,1.020532319391635,-0.6886291586707356
1083389854.74,32.7827,-0.2235,0.00207,645.77,0.55,5.8614,6.12,201812,1.0448,-0.22557,0.005954319999999999,-0.010743456455995134,0.6803278688524591,0.945057612292886,427.9,0.55,5.8614,6.12,85.0682,0.3507,0.01064992,-0.00245193116437976,0.7041728763040238,-0.28124219525326755
608194162.56,20.9694,0.0207,0.002015,659.15,0.55,5.8614,6.12,201901,1.018,0.018685,0.009423999999999998,0.0010234349428341373,0.676602086438152,-0.7417316827276236,645.77,0.55,5.8614,6.12,32.7827,1.0448,0.005954319999999999,-0.010743456455995134,0.6803278688524591,0.945057612292886
1658916029.35,56.0546,0.0662,0.001971,702.82,0.55,5.8614,6.12,201902,1.0372,0.064229,0.00437094,0.0031183126102599695,0.9724867724867725,1.6498033406684078,659.15,0.55,5.8614,6.12,20.9694,1.018,0.009423999999999998,0.0010234349428341373,0.676602086438152,-0.7417316827276236
1796489868.56,60.8874,-0.2465,0.001935,-22.41,0.01,0.1616,7.57,201903,1.0392,-0.248435,0.02679666,-0.011567827544446827,1.1262241566920566,0.6448465665989991,702.82,0.55,5.8614,6.12,56.0546,1.0372,0.00437094,0.0031183126102599695,0.9724867724867725,1.6498033406684078
2416006639.22,80.0497,0.6237,0.001758,-36.39,0.01,0.1616,7.57,201904,1.0419,0.621942,0.018417549999999998,0.02886780728505952,1.097584541062802,-0.6867983247381207,-22.41,0.01,0.1616,7.57,60.8874,1.0392,0.02679666,-0.011567827544446827,1.1262241566920566,0.6448465665989991
2460162181.6,82.9321,-0.2449,0.001667,-27.48,0.01,0.1616,7.57,201905,0.8819,-0.246567,0.014925389999999998,-0.011325644692524652,0.8142605633802817,-1.9356000965938056,-36.39,0.01,0.1616,7.57,80.0497,1.0419,0.018417549999999998,0.02886780728505952,1.097584541062802,-0.6867983247381207
1006675427.37,35.8655,0.0857,0.00162,-14.24,0.01,0.1616,7.53,201906,0.8199,0.08408,0.00652056,0.004134121298771575,0.7878521126760563,0.257260338697208,-27.48,0.01,0.1616,7.57,82.9321,0.8819,0.014925389999999998,-0.011325644692524652,0.8142605633802817,-1.9356000965938056
3897304577.55,124.9567,0.0879,0.001366,-15.49,-0.13,-1.4919,3.33,201907,0.8285,0.086534,0.005669499999999999,0.003980338122778739,0.7869718309859155,-0.3648417671061047,-14.24,0.01,0.1616,7.53,35.8655,0.8199,0.00652056,0.004134121298771575,0.7878521126760563,0.257260338697208
2228206861.81,70.7378,-0.2048,0.001342,-12.32,-0.13,-1.4919,3.33,201908,0.8109,-0.20614200000000002,0.0062635899999999994,-0.009514755373427346,0.9027027027027027,-0.0336915610112691,-15.49,-0.13,-1.4919,3.33,124.9567,0.8285,0.005669499999999999,0.003980338122778739,0.7869718309859155,-0.3648417671061047
525399919.24,20.3077,-0.0866,0.001413,-28.6,-0.34,-4.0746,1.55,201909,0.8612,-0.088013,0.00512565,-0.0043128198215370535,0.9284916201117319,-0.10179321329317532,-12.32,-0.13,-1.4919,3.33,70.7378,0.8109,0.0062635899999999994,-0.009514755373427346,0.9027027027027027,-0.0336915610112691
1487496769.79,51.9449,0.2238,0.001676,-35.0,-0.34,-4.0746,1.55,201910,0.8669,0.222124,0.007654329999999999,0.010596410025656464,0.923937360178971,-0.9879203669479458,-28.6,-0.34,-4.0746,1.55,20.3077,0.8612,0.00512565,-0.0043128198215370535,0.9284916201117319,-0.10179321329317532
1575520562.36,54.5973,-0.1054,0.001931,-31.31,-0.34,-4.0746,1.55,201911,0.8394,-0.107331,0.0031639599999999995,-0.0049768976635626745,0.9113772455089821,-1.8357019882178538,-35.0,-0.34,-4.0746,1.55,51.9449,0.8669,0.007654329999999999,0.010596410025656464,0.923937360178971,-0.9879203669479458
424660780.61,15.6583,0.0635,0.001973,-7.21,-0.34,-4.0746,1.55,201912,0.8582,0.061527,0.00769828,0.003196287072950371,0.9831528279181708,2.4185618873975643,-31.31,-0.34,-4.0746,1.55,54.5973,0.8394,0.0031639599999999995,-0.0049768976635626745,0.9113772455089821,-1.8357019882178538
3628556358.5,107.76,0.1107,0.001986,-8.01,-0.34,-4.0746,1.55,202001,0.8557,0.108714,0.0043815,0.005029052041182866,0.9878934624697338,-1.181812699181153,-7.21,-0.34,-4.0746,1.55,15.6583,0.8582,0.00769828,0.003196287072950371,0.9831528279181708,2.4185618873975643
2240314223.4,70.4734,-0.0518,0.002066,-7.6,-0.34,-4.0746,1.55,202002,0.842,-0.053866,0.057511929999999996,-0.0024059583823590807,1.1126070991432069,0.5624346819791866,-8.01,-0.34,-4.0746,1.55,107.76,0.8557,0.0043815,0.005029052041182866,0.9878934624697338,-1.181812699181153
918201018.2,31.9374,-0.0701,0.002021,-5.49,-1.28,-17.1374,6.16,202003,0.8295,-0.07212099999999999,0.0113159,-0.0033966589931306553,0.9471947194719471,-0.3654395714118119,-7.6,-0.34,-4.0746,1.55,70.4734,0.842,0.057511929999999996,-0.0024059583823590807,1.1126070991432069,0.5624346819791866
428539886.32,15.8598,-0.0543,0.001928,-5.19,-1.28,-17.1374,6.16,202004,0.7278,-0.056228,0.00442064,-0.0027319525337977995,0.8228822882288229,-0.8852201794322005,-5.49,-1.28,-17.1374,6.16,31.9374,0.8295,0.0113159,-0.0033966589931306553,0.9471947194719471,-0.3654395714118119
1220365965.63,43.3213,0.1032,0.001794,-5.73,-1.28,-17.1374,6.16,202005,0.7327,0.101406,0.00140516,0.0049325086036589375,0.7799779977997799,0.5322337018767245,-5.19,-1.28,-17.1374,6.16,15.8598,0.7278,0.00442064,-0.0027319525337977995,0.8228822882288229,-0.8852201794322005
1189117287.41,41.964,-0.0149,0.001764,-4.36,-1.28,-17.1374,6.16,202006,0.5651,-0.016663999999999998,0.00254613,-0.0007130388501998463,0.8292682926829269,-0.08925641250629322,-5.73,-1.28,-17.1374,6.16,43.3213,0.7327,0.00140516,0.0049325086036589375,0.7799779977997799,0.5322337018767245
574851915.27,21.2848,-0.0766,0.001708,-4.02,-0.98,-15.1152,2.51,202007,0.7411,-0.078308,0.043752,-0.0037977903651306715,1.1751336898395721,0.5240472884275602,-4.36,-1.28,-17.1374,6.16,41.964,0.5651,0.00254613,-0.0007130388501998463,0.8292682926829269,-0.08925641250629322
324619906.72,12.2357,0.0035,0.001807,-4.03,-0.98,-15.1152,2.51,202008,0.919,0.001693,0.00428199,0.00017858814352790392,0.9215017064846417,-0.8374083142281182,-4.02,-0.98,-15.1152,2.51,21.2848,0.7411,0.043752,-0.0037977903651306715,1.1751336898395721,0.5240472884275602
298905921.24,11.6279,0.014,0.001945,-3.47,-1.57,-26.5888,4.06,202009,0.8943,0.012055,0.0050691799999999995,0.0007173733684247728,0.9260523321956771,-1.2878987229943668,-4.03,-0.98,-15.1152,2.51,12.2357,0.919,0.00428199,0.00017858814352790392,0.9215017064846417,-0.8374083142281182
395942998.65,14.6065,0.0184,0.002044,-3.53,-1.57,-26.5888,4.06,202010,0.7981,0.016356,0.00269291,0.0009294440429970214,0.901023890784983,0.7814680237632613,-3.47,-1.57,-26.5888,4.06,11.6279,0.8943,0.0050691799999999995,0.0007173733684247728,0.9260523321956771,-1.2878987229943668
1056576727.95,38.6198,0.0113,0.002068,-3.57,-1.57,-26.5888,4.07,202011,0.7994,0.009231999999999999,0.01918105,0.0005438365983132835,1.1793611793611793,0.4665658405004523,-3.53,-1.57,-26.5888,4.06,14.6065,0.7981,0.00269291,0.0009294440429970214,0.901023890784983,0.7814680237632613
2031876773.23,26.3706,-0.0325,0.003579,49.66,0.17,1.7134,1.61,202012,0.8411,-0.036079,0.015949930000000005,-0.0015164080680174538,0.9625,-0.8323437570470308,-3.57,-1.57,-26.5888,4.07,38.6198,0.7994,0.01918105,0.0005438365983132835,1.1793611793611793,0.4665658405004523
2825840689.66,51.723,-0.4091,0.003699,29.34,0.17,1.7134,1.61,202101,0.8321,-0.412799,0.00595695,-0.018798761660417503,0.8197916666666667,-0.08125149740987872,49.66,0.17,1.7134,1.61,26.3706,0.8411,0.015949930000000005,-0.0015164080680174538,0.9625,-0.8323437570470308
3272062218.59,65.4869,0.1338,0.003895,33.27,0.17,1.7134,1.61,202102,0.6778,0.129905,0.01190931,0.006107166734926761,0.9333333333333335,1.3799104466506669,29.34,0.17,1.7134,1.61,51.723,0.8321,0.00595695,-0.018798761660417503,0.8197916666666667,-0.08125149740987872
5973802658.09,102.4208,0.1929,0.003596,41.43,0.17,1.7134,1.61,202103,0.6241,0.189304,0.01218158,0.008569277390472833,1.0292207792207793,-0.1396031217756512,33.27,0.17,1.7134,1.61,65.4869,0.6778,0.01190931,0.006107166734926761,0.9333333333333335,1.3799104466506669
5712418200.86,93.0887,0.0242,0.003602,42.44,0.23,2.3956,3.32,202104,0.64,0.020597999999999998,0.011870440000000001,0.0010771876972491261,1.0399579390115667,1.0365819007479555,41.43,0.17,1.7134,1.61,102.4208,0.6241,0.01218158,0.008569277390472833,1.0292207792207793,-0.1396031217756512
2704711605.12,45.3244,-0.1516,0.00365,36.0,0.23,2.3956,3.32,202105,0.7441,-0.15525,0.033675970000000006,-0.006980301005958671,1.1860465116279069,1.1099358999152766,42.44,0.23,2.3956,3.32,93.0887,0.64,0.011870440000000001,0.0010771876972491261,1.0399579390115667,1.0365819007479555
943919634.57,17.3027,-0.029,0.003641,38.24,0.35,3.4915,5.12,202106,0.7443,-0.032641,0.012579860000000002,-0.0014033015221998665,0.9744245524296674,-0.3105917586169063,36.0,0.23,2.3956,3.32,45.3244,0.7441,0.033675970000000006,-0.006980301005958671,1.1860465116279069,1.1099358999152766
957088423.3,19.5688,-0.1231,0.003798,33.54,0.35,3.4915,5.12,202107,0.7225,-0.126898,0.03014079,-0.005952782104436384,1.1057118499573744,0.0057581176167696155,38.24,0.35,3.4915,5.12,17.3027,0.7443,0.012579860000000002,-0.0014033015221998665,0.9744245524296674,-0.3105917586169063
565391000.7,12.7021,-0.0287,0.00403,32.57,0.35,3.4915,5.12,202108,0.7109,-0.03273,0.03400012,-0.0014241036075053385,1.1349267540478025,1.6045190627287076,33.54,0.35,3.4915,5.12,19.5688,0.7225,0.03014079,-0.005952782104436384,1.1057118499573744,0.0057581176167696155
1364685810.74,28.5353,-0.0262,0.003924,45.96,0.35,3.4915,5.12,202109,0.6937,-0.030124,0.07479192000000001,-0.001245591102891184,1.1997282608695652,-0.018631722105912043,32.57,0.35,3.4915,5.12,12.7021,0.7109,0.03400012,-0.0014241036075053385,1.1349267540478025,1.6045190627287076
352564765.08,9.1576,-0.0876,0.003924,41.93,0.35,3.4915,5.12,202110,0.7766,-0.091524,0.02918173,-0.004451051038541905,0.7938844847112118,-0.8185654007486441,45.96,0.35,3.4915,5.12,28.5353,0.6937,0.07479192000000001,-0.001245591102891184,1.1997282608695652,-0.018631722105912043
893382480.68,21.6337,0.0023,0.003899,42.03,0.31,3.1255,6.48,202111,0.8108,-0.0015990000000000002,0.025687929999999994,0.00011159346790845925,0.7106455266138165,1.414465717251926,41.93,0.35,3.4915,5.12,9.1576,0.7766,0.02918173,-0.004451051038541905,0.7938844847112118,-0.8185654007486441
433896499.09,11.6677,-0.126,0.003464,42.86,0.12,1.2305,1.32,202112,0.8339,-0.129464,0.020335859999999997,-0.006335377832448828,0.7519818799546999,-0.43538215223499555,42.03,0.31,3.1255,6.48,21.6337,0.8108,0.025687929999999994,0.00011159346790845925,0.7106455266138165,1.414465717251926
803071289.69,21.8793,-0.0115,0.003425,42.36,0.12,1.2305,1.32,202201,1.099,-0.014925,0.022757299999999994,-0.0005608674294503864,0.8509272467902996,-1.5940985353547148,42.86,0.12,1.2305,1.32,11.6677,0.8339,0.020335859999999997,-0.006335377832448828,0.7519818799546999,-0.43538215223499555
347355815.12,11.3773,-0.1708,0.003597,35.13,0.12,1.2305,1.32,202202,1.0999,-0.174397,0.005638789999999999,-0.008685101903552518,0.7379518072289157,0.19351655190493802,42.36,0.12,1.2305,1.32,21.8793,1.099,0.022757299999999994,-0.0005608674294503864,0.8509272467902996,-1.5940985353547148
891125455.22,29.8432,0.2071,0.003002,31.37,0.12,1.2305,1.32,202203,0.9057,0.204098,0.03182359,0.010049497400357753,0.8019578313253013,0.6447205000275921,35.13,0.12,1.2305,1.32,11.3773,1.0999,0.005638789999999999,-0.008685101903552518,0.7379518072289157,0.19351655190493802
3464928983.45,92.7853,0.1171,0.002402,35.04,0.28,2.7985,3.31,202204,1.2404,0.114698,0.0516115,0.0053309762378087235,0.9287510477787092,-0.794853835087232,31.37,0.12,1.2305,1.32,29.8432,0.9057,0.03182359,0.010049497400357753,0.8019578313253013,0.6447205000275921
886165352.74,24.7422,-0.0456,0.002368,33.45,0.28,2.7985,3.31,202205,1.6284,-0.047968000000000004,0.05444049,-0.0022133328519385034,1.1019855595667871,1.7161099424692385,35.04,0.28,2.7985,3.31,92.7853,1.2404,0.0516115,0.0053309762378087235,0.9287510477787092,-0.794853835087232
1559063370.77,47.9613,-0.1785,0.002386,41.81,0.01,0.1008,1.52,202206,1.3557,-0.180886,0.02426809,-0.008432798198102852,0.9000819000819,-2.024207425871805,33.45,0.28,2.7985,3.31,24.7422,1.6284,0.05444049,-0.0022133328519385034,1.1019855595667871,1.7161099424692385
866922575.84,31.8321,-0.014,0.002526,41.23,0.01,0.1008,1.52,202207,1.413,-0.016526,0.01847489,-0.0006802568962917978,0.8198198198198198,1.6761318727075785,41.81,0.01,0.1008,1.52,47.9613,1.3557,0.02426809,-0.008432798198102852,0.9000819000819,-2.024207425871805
406237237.98,15.2585,0.0024,0.002664,41.32,0.01,0.1008,1.52,202208,1.3742,-0.00026400000000000035,0.030779789999999998,0.00012107485487679912,0.8918918918918919,0.989074392639143,41.23,0.01,0.1008,1.52,31.8321,1.413,0.01847489,-0.0006802568962917978,0.8198198198198198,1.6761318727075785
516195965.53,19.8583,-0.0765,0.002511,88.6,0.01,0.1008,1.52,202209,1.5149,-0.079011,0.02115576,-0.003813179709252446,1.0263876251137396,-0.6691391884331304,41.32,0.01,0.1008,1.52,15.2585,1.3742,0.030779789999999998,0.00012107485487679912,0.8918918918918919,0.989074392639143
431003939.87,16.3205,0.1707,0.002357,103.72,0.01,0.1008,1.52,202210,1.5227,0.168343,0.01123888,0.00858581610164971,0.7898936170212767,-1.567332107454872,88.6,0.01,0.1008,1.52,19.8583,1.5149,0.02115576,-0.003813179709252446,1.0263876251137396,-0.6691391884331304
1364689656.08,45.8615,0.0827,0.002325,112.3,0.09,1.015,6.56,202211,1.6122,0.080375,0.015127960000000003,0.0039316935270921755,0.8687943262411348,2.7795777829416073,103.72,0.01,0.1008,1.52,16.3205,1.5227,0.01123888,0.00858581610164971,0.7898936170212767,-1.567332107454872
1668367024.56,51.6863,-0.0241,0.002339,1348.61,0.04,0.4697,1.64,202212,1.7229,-0.026439,0.018627969999999997,-0.0011349128254452636,0.9042553191489362,0.05370945394418694,112.3,0.09,1.015,6.56,45.8615,1.6122,0.015127960000000003,0.0039316935270921755,0.8687943262411348,2.7795777829416073
422991311.94,15.681,-0.0906,0.002423,1215.28,0.04,0.4697,1.64,202301,1.603,-0.093023,0.00275576,-0.004561276169489605,0.9029411764705884,0.41951245501693735,1348.61,0.04,0.4697,1.64,51.6863,1.7229,0.018627969999999997,-0.0011349128254452636,0.9042553191489362,0.05370945394418694
278456802.13,10.5416,-0.0137,0.002404,1198.61,0.04,0.4697,1.64,202302,1.6384,-0.016104,0.04103095,-0.0007045595055473568,1.2205882352941178,0.6538423091151436,1215.28,0.04,0.4697,1.64,15.681,1.603,0.00275576,-0.004561276169489605,0.9029411764705884,0.41951245501693735
331776556.55,12.4849,-0.0255,0.002185,-104.73,0.04,0.4697,1.64,202303,1.6512,-0.027684999999999998,0.007718050000000001,-0.0012996960260120048,0.8867469879518072,-0.08380967732048723,1198.61,0.04,0.4697,1.64,10.5416,1.6384,0.04103095,-0.0007045595055473568,1.2205882352941178,0.6538423091151436
285165439.16,12.2098,-0.0975,0.002218,-94.52,0.11,1.3054,3.15,202304,1.6899,-0.099718,0.014932460000000002,-0.005008069397411307,0.8008032128514058,-0.9083420306645308,-104.73,0.04,0.4697,1.64,12.4849,1.6512,0.007718050000000001,-0.0012996960260120048,0.8867469879518072,-0.08380967732048723
298041329.13,12.2899,0.0132,0.002261,-95.77,0.11,1.3054,3.15,202305,1.5564,0.010939,0.0024167200000000002,0.0006764810148549502,0.7325301204819277,-0.6052809429892538,-94.52,0.11,1.3054,3.15,12.2098,1.6899,0.014932460000000002,-0.005008069397411307,0.8008032128514058,-0.9083420306645308
538410745.26,21.7564,0.0078,0.002304,43.83,0.21,2.3881,5.17,202306,1.593,0.005495999999999999,0.01648678,0.00038797993795446897,0.8786231884057971,2.161870187863914,-95.77,0.11,1.3054,3.15,12.2899,1.5564,0.0024167200000000002,0.0006764810148549502,0.7325301204819277,-0.6052809429892538
271337868.18,12.1307,-0.0581,0.00249,41.29,0.21,2.3881,5.17,202307,1.5939,-0.06059,0.002858269999999999,-0.0029919343400557586,0.9658976930792378,0.15599122033753793,43.83,0.21,2.3881,5.17,21.7564,1.593,0.01648678,0.00038797993795446897,0.8786231884057971,2.161870187863914
515243706.92,21.717,0.0767,0.002524,44.46,0.21,2.3881,5.17,202308,1.5092,0.074176,0.00401605,0.0038235007137774604,0.9587628865979383,0.2637765060944577,41.29,0.21,2.3881,5.17,12.1307,1.5939,0.002858269999999999,-0.0029919343400557586,0.9658976930792378,0.15599122033753793
436030672.96,18.062,-0.0076,0.002403,46.29,0.21,2.3881,5.17,202309,1.5097,-0.010003,0.0034322,-0.0003820396495239725,0.9175257731958764,0.6255819270661193,44.46,0.21,2.3881,5.17,21.717,1.5092,0.00401605,0.0038235007137774604,0.9587628865979383,0.2637765060944577
1687300134.09,67.6146,0.0179,0.002178,47.12,0.21,2.3881,5.17,202310,1.5442,0.015722,0.004625529999999999,0.0008424958469222236,0.9044652128764279,-0.05475585703290801,46.29,0.21,2.3881,5.17,18.062,1.5097,0.0034322,-0.0003820396495239725,0.9175257731958764,0.6255819270661193
910566926.83,37.4777,-0.0542,0.001796,44.57,0.17,1.9121,6.89,202311,1.478,-0.055996,0.00149786,-0.0026272956288813007,0.975268817204301,0.47654835030224474,47.12,0.21,2.3881,5.17,67.6146,1.5442,0.004625529999999999,0.0008424958469222236,0.9044652128764279,-0.05475585703290801
335624167.69,15.3425,-0.0919,0.001279,105.41,-0.06,-0.7145,0.8,202312,1.4894,-0.093179,0.007027790000000001,-0.004681251462902452,1.0275633958103638,0.0021687529331366265,44.57,0.17,1.9121,6.89,37.4777,1.478,0.00149786,-0.0026272956288813007,0.975268817204301,0.47654835030224474
